{
  "mae": 11.746792967415477,
  "r2": 0.8550494681109414,
  "train_rows": 960,
  "test_rows": 240
}